AccountNumber,HolderName,BusinessActivity,Address,CountryOfOrigin,RiskLevel,AssociatedAccounts
CA652590094,Tammy Henderson,"Sales professional, IT","980 Daniel Creek
Philipchester, TX 06446",Canada,Medium,"CA277847109, CA231718962"
CA125288047,Nicholas Moore,"Scientist, research (life sciences)","1928 Gutierrez Harbor
Fordmouth, MN 12492",Canada,Medium,"CA804502942, CA652590094"
CA451351986,Lisa Johnson,Health and safety adviser,"USCGC Powell
FPO AE 00784",Canada,Medium,"CA984237219, CA466926887"
CA231718962,William Cox,"Engineer, automotive","840 Amber Greens
New Jeromeville, FL 57525",Canada,Medium,"CA984237219, CA652590094"
CA984237219,Caitlin Hobbs,"Therapist, drama","66066 Hanson Cliffs Apt. 902
West Benjaminfort, DE 94908",Canada,Medium,"CA231718962, CA354774800"
CA466926887,Dakota Stevens,Consulting Services,"78666 Marissa Centers Suite 593
West Shawntown, NC 67247",Canada,High,"CA277847109, CA125288047"
CA576991223,Jake Lowe,Personnel officer,"29160 Charles Alley
Christophertown, SD 45613",Canada,Medium,"CA576991223, CA231718962"
CA804502942,Curtis Barker,Diplomatic Services operational officer,"91863 Green Ports
North Timothyville, MN 65439",Canada,Medium,"CA652590094, CA466926887"
CA354774800,Nicole Gay,"Buyer, retail","1904 Keller Trace Suite 095
West Robert, ID 46806",Canada,Medium,"CA576991223, CA125288047"
CA277847109,Lisa Ray,Social researcher,"871 Jessica Extension Apt. 308
East Darleneberg, DE 89346",Canada,Medium,"CA804502942, CA576991223"
